{"cameraMode":{"drawMode":0,"name":"Shaded","section":"Shading Mode"},"sceneLighting":true,"audioPlay":false,"sceneViewState":{"m_AlwaysRefresh":false,"showFog":true,"showSkybox":false,"showFlares":true,"showImageEffects":true,"showParticleSystems":true,"showVisualEffectGraphs":true,"m_FxEnabled":true},"in2DMode":false,"pivot":{"x":0.0010100007057189942,"y":0.7343710064888,"z":0.11613845825195313},"rotation":{"x":-0.003778773359954357,"y":0.9402018785476685,"z":-0.3404431939125061,"w":-0.010435642674565316},"size":2.006887197494507,"orthographic":false}